match_id,dataset_id,treatment,session,round,player_1_id,player_2_id,player_1_choice,player_2_choice
cooper et al._1989_1,cooper et al._1989,BS1WAY,1,1,cooper et al._1989_23,cooper et al._1989_24,1.5,3.5
cooper et al._1989_2,cooper et al._1989,BS1WAY,1,1,cooper et al._1989_25,cooper et al._1989_26,1.5,3.5
cooper et al._1989_3,cooper et al._1989,BS1WAY,1,1,cooper et al._1989_27,cooper et al._1989_28,1.5,3.5
cooper et al._1989_4,cooper et al._1989,BS1WAY,1,1,cooper et al._1989_29,cooper et al._1989_30,1.5,3.5
cooper et al._1989_5,cooper et al._1989,BS1WAY,1,1,cooper et al._1989_31,cooper et al._1989_32,2.0,3.5
cooper et al._1989_6,cooper et al._1989,BS1WAY,1,10,cooper et al._1989_23,cooper et al._1989_28,1.5,3.5
cooper et al._1989_7,cooper et al._1989,BS1WAY,1,10,cooper et al._1989_24,cooper et al._1989_26,1.5,3.5
cooper et al._1989_8,cooper et al._1989,BS1WAY,1,10,cooper et al._1989_25,cooper et al._1989_30,1.5,3.5
cooper et al._1989_9,cooper et al._1989,BS1WAY,1,10,cooper et al._1989_27,cooper et al._1989_32,1.5,3.5
cooper et al._1989_10,cooper et al._1989,BS1WAY,1,10,cooper et al._1989_29,cooper et al._1989_33,1.5,3.5
cooper et al._1989_11,cooper et al._1989,BS1WAY,1,11,cooper et al._1989_23,cooper et al._1989_26,1.5,3.5
cooper et al._1989_12,cooper et al._1989,BS1WAY,1,11,cooper et al._1989_25,cooper et al._1989_28,1.5,3.5
cooper et al._1989_13,cooper et al._1989,BS1WAY,1,11,cooper et al._1989_27,cooper et al._1989_30,1.5,3.5
cooper et al._1989_14,cooper et al._1989,BS1WAY,1,11,cooper et al._1989_29,cooper et al._1989_32,1.5,3.5
cooper et al._1989_15,cooper et al._1989,BS1WAY,1,11,cooper et al._1989_31,cooper et al._1989_33,1.5,3.5
cooper et al._1989_16,cooper et al._1989,BS1WAY,1,2,cooper et al._1989_24,cooper et al._1989_25,1.5,3.5
cooper et al._1989_17,cooper et al._1989,BS1WAY,1,2,cooper et al._1989_26,cooper et al._1989_27,1.5,4.0
cooper et al._1989_18,cooper et al._1989,BS1WAY,1,2,cooper et al._1989_28,cooper et al._1989_29,1.5,3.5
cooper et al._1989_19,cooper et al._1989,BS1WAY,1,2,cooper et al._1989_30,cooper et al._1989_31,1.5,3.5
cooper et al._1989_20,cooper et al._1989,BS1WAY,1,2,cooper et al._1989_32,cooper et al._1989_33,1.5,3.5
cooper et al._1989_21,cooper et al._1989,BS1WAY,1,3,cooper et al._1989_23,cooper et al._1989_25,1.5,3.5
cooper et al._1989_22,cooper et al._1989,BS1WAY,1,3,cooper et al._1989_24,cooper et al._1989_27,1.5,3.5
cooper et al._1989_23,cooper et al._1989,BS1WAY,1,3,cooper et al._1989_26,cooper et al._1989_29,1.5,3.5
cooper et al._1989_24,cooper et al._1989,BS1WAY,1,3,cooper et al._1989_28,cooper et al._1989_31,1.5,3.5
cooper et al._1989_25,cooper et al._1989,BS1WAY,1,3,cooper et al._1989_30,cooper et al._1989_33,1.5,3.5
cooper et al._1989_26,cooper et al._1989,BS1WAY,1,4,cooper et al._1989_23,cooper et al._1989_27,1.5,3.5
cooper et al._1989_27,cooper et al._1989,BS1WAY,1,4,cooper et al._1989_24,cooper et al._1989_29,1.5,3.5
cooper et al._1989_28,cooper et al._1989,BS1WAY,1,4,cooper et al._1989_26,cooper et al._1989_31,1.5,3.5
cooper et al._1989_29,cooper et al._1989,BS1WAY,1,4,cooper et al._1989_28,cooper et al._1989_33,1.5,3.5
cooper et al._1989_30,cooper et al._1989,BS1WAY,1,4,cooper et al._1989_30,cooper et al._1989_32,1.5,3.5
cooper et al._1989_31,cooper et al._1989,BS1WAY,1,5,cooper et al._1989_23,cooper et al._1989_29,1.5,3.5
cooper et al._1989_32,cooper et al._1989,BS1WAY,1,5,cooper et al._1989_24,cooper et al._1989_31,1.5,3.5
cooper et al._1989_33,cooper et al._1989,BS1WAY,1,5,cooper et al._1989_25,cooper et al._1989_27,1.5,3.5
cooper et al._1989_34,cooper et al._1989,BS1WAY,1,5,cooper et al._1989_26,cooper et al._1989_33,1.5,3.5
cooper et al._1989_35,cooper et al._1989,BS1WAY,1,5,cooper et al._1989_28,cooper et al._1989_32,1.5,3.5
cooper et al._1989_36,cooper et al._1989,BS1WAY,1,6,cooper et al._1989_23,cooper et al._1989_31,1.5,4.0
cooper et al._1989_37,cooper et al._1989,BS1WAY,1,6,cooper et al._1989_24,cooper et al._1989_33,2.0,3.5
cooper et al._1989_38,cooper et al._1989,BS1WAY,1,6,cooper et al._1989_25,cooper et al._1989_29,1.5,3.5
cooper et al._1989_39,cooper et al._1989,BS1WAY,1,6,cooper et al._1989_26,cooper et al._1989_32,1.5,3.5
cooper et al._1989_40,cooper et al._1989,BS1WAY,1,6,cooper et al._1989_28,cooper et al._1989_30,1.5,3.5
cooper et al._1989_41,cooper et al._1989,BS1WAY,1,7,cooper et al._1989_23,cooper et al._1989_33,1.5,3.5
cooper et al._1989_42,cooper et al._1989,BS1WAY,1,7,cooper et al._1989_24,cooper et al._1989_32,1.5,3.5
cooper et al._1989_43,cooper et al._1989,BS1WAY,1,7,cooper et al._1989_25,cooper et al._1989_31,1.5,3.5
cooper et al._1989_44,cooper et al._1989,BS1WAY,1,7,cooper et al._1989_26,cooper et al._1989_30,1.5,3.5
cooper et al._1989_45,cooper et al._1989,BS1WAY,1,7,cooper et al._1989_27,cooper et al._1989_29,1.5,3.5
cooper et al._1989_46,cooper et al._1989,BS1WAY,1,8,cooper et al._1989_23,cooper et al._1989_32,1.5,3.5
cooper et al._1989_47,cooper et al._1989,BS1WAY,1,8,cooper et al._1989_24,cooper et al._1989_30,1.5,3.5
cooper et al._1989_48,cooper et al._1989,BS1WAY,1,8,cooper et al._1989_25,cooper et al._1989_33,1.5,3.5
cooper et al._1989_49,cooper et al._1989,BS1WAY,1,8,cooper et al._1989_26,cooper et al._1989_28,1.5,3.5
cooper et al._1989_50,cooper et al._1989,BS1WAY,1,8,cooper et al._1989_27,cooper et al._1989_31,1.5,3.5
cooper et al._1989_51,cooper et al._1989,BS1WAY,1,9,cooper et al._1989_23,cooper et al._1989_30,1.5,3.5
cooper et al._1989_52,cooper et al._1989,BS1WAY,1,9,cooper et al._1989_24,cooper et al._1989_28,1.5,3.5
cooper et al._1989_53,cooper et al._1989,BS1WAY,1,9,cooper et al._1989_25,cooper et al._1989_32,1.5,3.5
cooper et al._1989_54,cooper et al._1989,BS1WAY,1,9,cooper et al._1989_27,cooper et al._1989_33,1.5,3.5
cooper et al._1989_55,cooper et al._1989,BS1WAY,1,9,cooper et al._1989_29,cooper et al._1989_31,1.5,3.5
cooper et al._1989_56,cooper et al._1989,BS1WAY,2,1,cooper et al._1989_23,cooper et al._1989_24,1.5,3.5
cooper et al._1989_57,cooper et al._1989,BS1WAY,2,1,cooper et al._1989_25,cooper et al._1989_26,1.5,3.5
cooper et al._1989_58,cooper et al._1989,BS1WAY,2,1,cooper et al._1989_27,cooper et al._1989_28,1.5,3.5
cooper et al._1989_59,cooper et al._1989,BS1WAY,2,1,cooper et al._1989_29,cooper et al._1989_30,1.5,3.5
cooper et al._1989_60,cooper et al._1989,BS1WAY,2,1,cooper et al._1989_31,cooper et al._1989_32,1.5,3.5
cooper et al._1989_61,cooper et al._1989,BS1WAY,2,10,cooper et al._1989_23,cooper et al._1989_28,1.5,3.5
cooper et al._1989_62,cooper et al._1989,BS1WAY,2,10,cooper et al._1989_24,cooper et al._1989_26,1.5,3.5
cooper et al._1989_63,cooper et al._1989,BS1WAY,2,10,cooper et al._1989_25,cooper et al._1989_30,1.5,3.5
cooper et al._1989_64,cooper et al._1989,BS1WAY,2,10,cooper et al._1989_27,cooper et al._1989_32,1.5,3.5
cooper et al._1989_65,cooper et al._1989,BS1WAY,2,10,cooper et al._1989_29,cooper et al._1989_33,1.5,3.0
cooper et al._1989_66,cooper et al._1989,BS1WAY,2,11,cooper et al._1989_23,cooper et al._1989_26,1.5,3.5
cooper et al._1989_67,cooper et al._1989,BS1WAY,2,11,cooper et al._1989_25,cooper et al._1989_28,1.5,3.5
cooper et al._1989_68,cooper et al._1989,BS1WAY,2,11,cooper et al._1989_27,cooper et al._1989_30,1.5,3.5
cooper et al._1989_69,cooper et al._1989,BS1WAY,2,11,cooper et al._1989_29,cooper et al._1989_32,1.5,3.5
cooper et al._1989_70,cooper et al._1989,BS1WAY,2,11,cooper et al._1989_31,cooper et al._1989_33,1.5,3.5
cooper et al._1989_71,cooper et al._1989,BS1WAY,2,2,cooper et al._1989_24,cooper et al._1989_25,1.0,4.0
cooper et al._1989_72,cooper et al._1989,BS1WAY,2,2,cooper et al._1989_26,cooper et al._1989_27,1.5,3.5
cooper et al._1989_73,cooper et al._1989,BS1WAY,2,2,cooper et al._1989_28,cooper et al._1989_29,1.5,3.5
cooper et al._1989_74,cooper et al._1989,BS1WAY,2,2,cooper et al._1989_30,cooper et al._1989_31,1.5,3.5
cooper et al._1989_75,cooper et al._1989,BS1WAY,2,2,cooper et al._1989_32,cooper et al._1989_33,1.5,3.5
cooper et al._1989_76,cooper et al._1989,BS1WAY,2,3,cooper et al._1989_23,cooper et al._1989_25,1.5,3.5
cooper et al._1989_77,cooper et al._1989,BS1WAY,2,3,cooper et al._1989_24,cooper et al._1989_27,1.5,4.0
cooper et al._1989_78,cooper et al._1989,BS1WAY,2,3,cooper et al._1989_26,cooper et al._1989_29,1.5,3.5
cooper et al._1989_79,cooper et al._1989,BS1WAY,2,3,cooper et al._1989_28,cooper et al._1989_31,1.5,3.5
cooper et al._1989_80,cooper et al._1989,BS1WAY,2,3,cooper et al._1989_30,cooper et al._1989_33,1.5,3.5
cooper et al._1989_81,cooper et al._1989,BS1WAY,2,4,cooper et al._1989_23,cooper et al._1989_27,1.5,3.5
cooper et al._1989_82,cooper et al._1989,BS1WAY,2,4,cooper et al._1989_24,cooper et al._1989_29,1.5,3.5
cooper et al._1989_83,cooper et al._1989,BS1WAY,2,4,cooper et al._1989_26,cooper et al._1989_31,1.5,3.5
cooper et al._1989_84,cooper et al._1989,BS1WAY,2,4,cooper et al._1989_28,cooper et al._1989_33,1.5,3.0
cooper et al._1989_85,cooper et al._1989,BS1WAY,2,4,cooper et al._1989_30,cooper et al._1989_32,1.0,3.5
cooper et al._1989_86,cooper et al._1989,BS1WAY,2,5,cooper et al._1989_23,cooper et al._1989_29,2.0,3.5
cooper et al._1989_87,cooper et al._1989,BS1WAY,2,5,cooper et al._1989_24,cooper et al._1989_31,1.5,3.5
cooper et al._1989_88,cooper et al._1989,BS1WAY,2,5,cooper et al._1989_25,cooper et al._1989_27,1.5,3.5
cooper et al._1989_89,cooper et al._1989,BS1WAY,2,5,cooper et al._1989_26,cooper et al._1989_33,2.0,3.5
cooper et al._1989_90,cooper et al._1989,BS1WAY,2,5,cooper et al._1989_28,cooper et al._1989_32,1.5,3.5
cooper et al._1989_91,cooper et al._1989,BS1WAY,2,6,cooper et al._1989_23,cooper et al._1989_31,1.5,3.5
cooper et al._1989_92,cooper et al._1989,BS1WAY,2,6,cooper et al._1989_24,cooper et al._1989_33,1.5,3.0
cooper et al._1989_93,cooper et al._1989,BS1WAY,2,6,cooper et al._1989_25,cooper et al._1989_29,1.5,3.5
cooper et al._1989_94,cooper et al._1989,BS1WAY,2,6,cooper et al._1989_26,cooper et al._1989_32,1.5,4.0
cooper et al._1989_95,cooper et al._1989,BS1WAY,2,6,cooper et al._1989_28,cooper et al._1989_30,1.5,3.5
cooper et al._1989_96,cooper et al._1989,BS1WAY,2,7,cooper et al._1989_23,cooper et al._1989_33,1.0,3.5
cooper et al._1989_97,cooper et al._1989,BS1WAY,2,7,cooper et al._1989_24,cooper et al._1989_32,1.5,3.5
cooper et al._1989_98,cooper et al._1989,BS1WAY,2,7,cooper et al._1989_25,cooper et al._1989_31,1.5,4.0
cooper et al._1989_99,cooper et al._1989,BS1WAY,2,7,cooper et al._1989_26,cooper et al._1989_30,1.5,3.5
cooper et al._1989_100,cooper et al._1989,BS1WAY,2,7,cooper et al._1989_27,cooper et al._1989_29,1.5,3.5
cooper et al._1989_101,cooper et al._1989,BS1WAY,2,8,cooper et al._1989_23,cooper et al._1989_32,1.5,3.5
cooper et al._1989_102,cooper et al._1989,BS1WAY,2,8,cooper et al._1989_24,cooper et al._1989_30,1.5,3.5
cooper et al._1989_103,cooper et al._1989,BS1WAY,2,8,cooper et al._1989_25,cooper et al._1989_33,1.5,3.5
cooper et al._1989_104,cooper et al._1989,BS1WAY,2,8,cooper et al._1989_26,cooper et al._1989_28,1.5,3.5
cooper et al._1989_105,cooper et al._1989,BS1WAY,2,8,cooper et al._1989_27,cooper et al._1989_31,1.5,4.0
cooper et al._1989_106,cooper et al._1989,BS1WAY,2,9,cooper et al._1989_23,cooper et al._1989_30,1.5,3.5
cooper et al._1989_107,cooper et al._1989,BS1WAY,2,9,cooper et al._1989_24,cooper et al._1989_28,1.5,3.5
cooper et al._1989_108,cooper et al._1989,BS1WAY,2,9,cooper et al._1989_25,cooper et al._1989_32,1.5,3.5
cooper et al._1989_109,cooper et al._1989,BS1WAY,2,9,cooper et al._1989_27,cooper et al._1989_33,1.0,3.5
cooper et al._1989_110,cooper et al._1989,BS1WAY,2,9,cooper et al._1989_29,cooper et al._1989_31,1.5,3.5
cooper et al._1989_111,cooper et al._1989,BS1WAY,3,1,cooper et al._1989_24,cooper et al._1989_28,2.0,3.0
cooper et al._1989_112,cooper et al._1989,BS1WAY,3,1,cooper et al._1989_25,cooper et al._1989_32,2.0,3.5
cooper et al._1989_113,cooper et al._1989,BS1WAY,3,1,cooper et al._1989_26,cooper et al._1989_33,1.5,3.5
cooper et al._1989_114,cooper et al._1989,BS1WAY,3,1,cooper et al._1989_27,cooper et al._1989_29,1.5,3.5
cooper et al._1989_115,cooper et al._1989,BS1WAY,3,1,cooper et al._1989_30,cooper et al._1989_31,1.5,4.0
cooper et al._1989_116,cooper et al._1989,BS1WAY,3,10,cooper et al._1989_23,cooper et al._1989_28,2.0,3.5
cooper et al._1989_117,cooper et al._1989,BS1WAY,3,10,cooper et al._1989_24,cooper et al._1989_26,1.5,3.5
cooper et al._1989_118,cooper et al._1989,BS1WAY,3,10,cooper et al._1989_25,cooper et al._1989_27,1.5,3.5
cooper et al._1989_119,cooper et al._1989,BS1WAY,3,10,cooper et al._1989_29,cooper et al._1989_30,1.5,3.0
cooper et al._1989_120,cooper et al._1989,BS1WAY,3,10,cooper et al._1989_32,cooper et al._1989_33,1.5,3.5
cooper et al._1989_121,cooper et al._1989,BS1WAY,3,11,cooper et al._1989_23,cooper et al._1989_31,1.5,3.5
cooper et al._1989_122,cooper et al._1989,BS1WAY,3,11,cooper et al._1989_24,cooper et al._1989_29,1.5,3.5
cooper et al._1989_123,cooper et al._1989,BS1WAY,3,11,cooper et al._1989_25,cooper et al._1989_33,1.5,3.5
cooper et al._1989_124,cooper et al._1989,BS1WAY,3,11,cooper et al._1989_26,cooper et al._1989_27,1.5,3.5
cooper et al._1989_125,cooper et al._1989,BS1WAY,3,11,cooper et al._1989_28,cooper et al._1989_30,1.0,3.5
cooper et al._1989_126,cooper et al._1989,BS1WAY,3,2,cooper et al._1989_23,cooper et al._1989_30,1.0,3.5
cooper et al._1989_127,cooper et al._1989,BS1WAY,3,2,cooper et al._1989_24,cooper et al._1989_31,1.5,3.5
cooper et al._1989_128,cooper et al._1989,BS1WAY,3,2,cooper et al._1989_26,cooper et al._1989_32,1.5,3.5
cooper et al._1989_129,cooper et al._1989,BS1WAY,3,2,cooper et al._1989_27,cooper et al._1989_28,2.0,3.5
cooper et al._1989_130,cooper et al._1989,BS1WAY,3,2,cooper et al._1989_29,cooper et al._1989_33,1.5,3.5
cooper et al._1989_131,cooper et al._1989,BS1WAY,3,3,cooper et al._1989_23,cooper et al._1989_24,1.5,3.0
cooper et al._1989_132,cooper et al._1989,BS1WAY,3,3,cooper et al._1989_25,cooper et al._1989_26,1.5,3.5
cooper et al._1989_133,cooper et al._1989,BS1WAY,3,3,cooper et al._1989_27,cooper et al._1989_31,1.5,3.5
cooper et al._1989_134,cooper et al._1989,BS1WAY,3,3,cooper et al._1989_28,cooper et al._1989_33,2.0,3.5
cooper et al._1989_135,cooper et al._1989,BS1WAY,3,3,cooper et al._1989_29,cooper et al._1989_32,1.5,3.5
cooper et al._1989_136,cooper et al._1989,BS1WAY,3,4,cooper et al._1989_23,cooper et al._1989_27,1.5,3.5
cooper et al._1989_137,cooper et al._1989,BS1WAY,3,4,cooper et al._1989_24,cooper et al._1989_30,2.0,3.5
cooper et al._1989_138,cooper et al._1989,BS1WAY,3,4,cooper et al._1989_25,cooper et al._1989_29,1.5,3.5
cooper et al._1989_139,cooper et al._1989,BS1WAY,3,4,cooper et al._1989_28,cooper et al._1989_32,1.5,3.5
cooper et al._1989_140,cooper et al._1989,BS1WAY,3,4,cooper et al._1989_31,cooper et al._1989_33,1.0,3.5
cooper et al._1989_141,cooper et al._1989,BS1WAY,3,5,cooper et al._1989_23,cooper et al._1989_33,1.5,3.5
cooper et al._1989_142,cooper et al._1989,BS1WAY,3,5,cooper et al._1989_25,cooper et al._1989_28,2.0,3.5
cooper et al._1989_143,cooper et al._1989,BS1WAY,3,5,cooper et al._1989_26,cooper et al._1989_29,1.5,3.5
cooper et al._1989_144,cooper et al._1989,BS1WAY,3,5,cooper et al._1989_27,cooper et al._1989_30,1.0,3.5
cooper et al._1989_145,cooper et al._1989,BS1WAY,3,5,cooper et al._1989_31,cooper et al._1989_32,1.5,3.5
cooper et al._1989_146,cooper et al._1989,BS1WAY,3,6,cooper et al._1989_23,cooper et al._1989_32,1.5,3.5
cooper et al._1989_147,cooper et al._1989,BS1WAY,3,6,cooper et al._1989_24,cooper et al._1989_27,1.5,3.0
cooper et al._1989_148,cooper et al._1989,BS1WAY,3,6,cooper et al._1989_25,cooper et al._1989_31,2.0,3.5
cooper et al._1989_149,cooper et al._1989,BS1WAY,3,6,cooper et al._1989_26,cooper et al._1989_28,1.5,3.5
cooper et al._1989_150,cooper et al._1989,BS1WAY,3,6,cooper et al._1989_30,cooper et al._1989_33,1.5,3.5
cooper et al._1989_151,cooper et al._1989,BS1WAY,3,7,cooper et al._1989_23,cooper et al._1989_25,1.5,3.5
cooper et al._1989_152,cooper et al._1989,BS1WAY,3,7,cooper et al._1989_24,cooper et al._1989_33,1.5,3.5
cooper et al._1989_153,cooper et al._1989,BS1WAY,3,7,cooper et al._1989_26,cooper et al._1989_31,1.5,3.5
cooper et al._1989_154,cooper et al._1989,BS1WAY,3,7,cooper et al._1989_28,cooper et al._1989_29,2.0,3.5
cooper et al._1989_155,cooper et al._1989,BS1WAY,3,7,cooper et al._1989_30,cooper et al._1989_32,1.5,3.5
cooper et al._1989_156,cooper et al._1989,BS1WAY,3,8,cooper et al._1989_23,cooper et al._1989_26,1.5,3.5
cooper et al._1989_157,cooper et al._1989,BS1WAY,3,8,cooper et al._1989_24,cooper et al._1989_32,1.5,3.0
cooper et al._1989_158,cooper et al._1989,BS1WAY,3,8,cooper et al._1989_25,cooper et al._1989_30,1.5,4.0
cooper et al._1989_159,cooper et al._1989,BS1WAY,3,8,cooper et al._1989_27,cooper et al._1989_33,1.5,3.5
cooper et al._1989_160,cooper et al._1989,BS1WAY,3,8,cooper et al._1989_29,cooper et al._1989_31,1.5,3.5
cooper et al._1989_161,cooper et al._1989,BS1WAY,3,9,cooper et al._1989_23,cooper et al._1989_29,1.5,3.5
cooper et al._1989_162,cooper et al._1989,BS1WAY,3,9,cooper et al._1989_24,cooper et al._1989_25,1.0,3.5
cooper et al._1989_163,cooper et al._1989,BS1WAY,3,9,cooper et al._1989_26,cooper et al._1989_30,2.0,3.5
cooper et al._1989_164,cooper et al._1989,BS1WAY,3,9,cooper et al._1989_27,cooper et al._1989_32,1.0,3.5
cooper et al._1989_165,cooper et al._1989,BS1WAY,3,9,cooper et al._1989_28,cooper et al._1989_31,1.5,3.5
cooper et al._1989_166,cooper et al._1989,BS2WAY,1,1,cooper et al._1989_12,cooper et al._1989_13,1.5,3.5
cooper et al._1989_167,cooper et al._1989,BS2WAY,1,1,cooper et al._1989_14,cooper et al._1989_15,1.5,3.5
cooper et al._1989_168,cooper et al._1989,BS2WAY,1,1,cooper et al._1989_16,cooper et al._1989_17,1.5,3.5
cooper et al._1989_169,cooper et al._1989,BS2WAY,1,1,cooper et al._1989_18,cooper et al._1989_19,1.5,3.5
cooper et al._1989_170,cooper et al._1989,BS2WAY,1,1,cooper et al._1989_20,cooper et al._1989_21,1.5,3.5
cooper et al._1989_171,cooper et al._1989,BS2WAY,1,10,cooper et al._1989_12,cooper et al._1989_17,1.5,3.5
cooper et al._1989_172,cooper et al._1989,BS2WAY,1,10,cooper et al._1989_13,cooper et al._1989_15,2.0,4.0
cooper et al._1989_173,cooper et al._1989,BS2WAY,1,10,cooper et al._1989_14,cooper et al._1989_19,2.0,3.5
cooper et al._1989_174,cooper et al._1989,BS2WAY,1,10,cooper et al._1989_16,cooper et al._1989_21,1.5,3.5
cooper et al._1989_175,cooper et al._1989,BS2WAY,1,10,cooper et al._1989_18,cooper et al._1989_22,1.5,3.5
cooper et al._1989_176,cooper et al._1989,BS2WAY,1,11,cooper et al._1989_12,cooper et al._1989_15,1.0,3.5
cooper et al._1989_177,cooper et al._1989,BS2WAY,1,11,cooper et al._1989_14,cooper et al._1989_17,1.5,3.5
cooper et al._1989_178,cooper et al._1989,BS2WAY,1,11,cooper et al._1989_16,cooper et al._1989_19,1.5,3.5
cooper et al._1989_179,cooper et al._1989,BS2WAY,1,11,cooper et al._1989_18,cooper et al._1989_21,1.5,3.5
cooper et al._1989_180,cooper et al._1989,BS2WAY,1,11,cooper et al._1989_20,cooper et al._1989_22,2.0,3.5
cooper et al._1989_181,cooper et al._1989,BS2WAY,1,2,cooper et al._1989_13,cooper et al._1989_14,2.0,3.5
cooper et al._1989_182,cooper et al._1989,BS2WAY,1,2,cooper et al._1989_15,cooper et al._1989_16,1.5,3.5
cooper et al._1989_183,cooper et al._1989,BS2WAY,1,2,cooper et al._1989_17,cooper et al._1989_18,1.5,3.5
cooper et al._1989_184,cooper et al._1989,BS2WAY,1,2,cooper et al._1989_19,cooper et al._1989_20,1.5,3.5
cooper et al._1989_185,cooper et al._1989,BS2WAY,1,2,cooper et al._1989_21,cooper et al._1989_22,2.0,3.5
cooper et al._1989_186,cooper et al._1989,BS2WAY,1,3,cooper et al._1989_12,cooper et al._1989_14,1.5,3.5
cooper et al._1989_187,cooper et al._1989,BS2WAY,1,3,cooper et al._1989_13,cooper et al._1989_16,1.5,3.5
cooper et al._1989_188,cooper et al._1989,BS2WAY,1,3,cooper et al._1989_15,cooper et al._1989_18,1.5,3.5
cooper et al._1989_189,cooper et al._1989,BS2WAY,1,3,cooper et al._1989_17,cooper et al._1989_20,1.5,4.0
cooper et al._1989_190,cooper et al._1989,BS2WAY,1,3,cooper et al._1989_19,cooper et al._1989_22,1.5,3.5
cooper et al._1989_191,cooper et al._1989,BS2WAY,1,4,cooper et al._1989_12,cooper et al._1989_16,1.5,3.5
cooper et al._1989_192,cooper et al._1989,BS2WAY,1,4,cooper et al._1989_13,cooper et al._1989_18,1.5,3.5
cooper et al._1989_193,cooper et al._1989,BS2WAY,1,4,cooper et al._1989_15,cooper et al._1989_20,2.0,3.5
cooper et al._1989_194,cooper et al._1989,BS2WAY,1,4,cooper et al._1989_17,cooper et al._1989_22,2.0,3.5
cooper et al._1989_195,cooper et al._1989,BS2WAY,1,4,cooper et al._1989_19,cooper et al._1989_21,1.5,3.5
cooper et al._1989_196,cooper et al._1989,BS2WAY,1,5,cooper et al._1989_12,cooper et al._1989_18,1.5,3.5
cooper et al._1989_197,cooper et al._1989,BS2WAY,1,5,cooper et al._1989_13,cooper et al._1989_20,1.5,3.5
cooper et al._1989_198,cooper et al._1989,BS2WAY,1,5,cooper et al._1989_14,cooper et al._1989_16,1.5,3.5
cooper et al._1989_199,cooper et al._1989,BS2WAY,1,5,cooper et al._1989_15,cooper et al._1989_22,1.5,3.5
cooper et al._1989_200,cooper et al._1989,BS2WAY,1,5,cooper et al._1989_17,cooper et al._1989_21,1.5,3.5
cooper et al._1989_201,cooper et al._1989,BS2WAY,1,6,cooper et al._1989_12,cooper et al._1989_20,1.5,3.5
cooper et al._1989_202,cooper et al._1989,BS2WAY,1,6,cooper et al._1989_13,cooper et al._1989_22,1.5,3.5
cooper et al._1989_203,cooper et al._1989,BS2WAY,1,6,cooper et al._1989_14,cooper et al._1989_18,1.5,3.5
cooper et al._1989_204,cooper et al._1989,BS2WAY,1,6,cooper et al._1989_15,cooper et al._1989_21,1.5,3.5
cooper et al._1989_205,cooper et al._1989,BS2WAY,1,6,cooper et al._1989_17,cooper et al._1989_19,1.5,3.5
cooper et al._1989_206,cooper et al._1989,BS2WAY,1,7,cooper et al._1989_12,cooper et al._1989_22,1.5,3.5
cooper et al._1989_207,cooper et al._1989,BS2WAY,1,7,cooper et al._1989_13,cooper et al._1989_21,1.5,3.5
cooper et al._1989_208,cooper et al._1989,BS2WAY,1,7,cooper et al._1989_14,cooper et al._1989_20,1.5,3.5
cooper et al._1989_209,cooper et al._1989,BS2WAY,1,7,cooper et al._1989_15,cooper et al._1989_19,1.5,3.0
cooper et al._1989_210,cooper et al._1989,BS2WAY,1,7,cooper et al._1989_16,cooper et al._1989_18,1.5,3.5
cooper et al._1989_211,cooper et al._1989,BS2WAY,1,8,cooper et al._1989_12,cooper et al._1989_21,1.5,3.5
cooper et al._1989_212,cooper et al._1989,BS2WAY,1,8,cooper et al._1989_13,cooper et al._1989_19,1.5,3.5
cooper et al._1989_213,cooper et al._1989,BS2WAY,1,8,cooper et al._1989_14,cooper et al._1989_22,1.5,3.5
cooper et al._1989_214,cooper et al._1989,BS2WAY,1,8,cooper et al._1989_15,cooper et al._1989_17,1.0,3.5
cooper et al._1989_215,cooper et al._1989,BS2WAY,1,8,cooper et al._1989_16,cooper et al._1989_20,1.5,3.5
cooper et al._1989_216,cooper et al._1989,BS2WAY,1,9,cooper et al._1989_12,cooper et al._1989_19,1.5,3.5
cooper et al._1989_217,cooper et al._1989,BS2WAY,1,9,cooper et al._1989_13,cooper et al._1989_17,1.5,3.5
cooper et al._1989_218,cooper et al._1989,BS2WAY,1,9,cooper et al._1989_14,cooper et al._1989_21,1.5,3.5
cooper et al._1989_219,cooper et al._1989,BS2WAY,1,9,cooper et al._1989_16,cooper et al._1989_22,1.5,3.5
cooper et al._1989_220,cooper et al._1989,BS2WAY,1,9,cooper et al._1989_18,cooper et al._1989_20,1.5,3.5
cooper et al._1989_221,cooper et al._1989,BS2WAY,2,1,cooper et al._1989_12,cooper et al._1989_13,1.5,3.5
cooper et al._1989_222,cooper et al._1989,BS2WAY,2,1,cooper et al._1989_14,cooper et al._1989_15,1.5,3.5
cooper et al._1989_223,cooper et al._1989,BS2WAY,2,1,cooper et al._1989_16,cooper et al._1989_17,1.5,3.5
cooper et al._1989_224,cooper et al._1989,BS2WAY,2,1,cooper et al._1989_18,cooper et al._1989_19,1.5,3.0
cooper et al._1989_225,cooper et al._1989,BS2WAY,2,1,cooper et al._1989_20,cooper et al._1989_21,1.5,3.5
cooper et al._1989_226,cooper et al._1989,BS2WAY,2,10,cooper et al._1989_12,cooper et al._1989_17,1.5,3.5
cooper et al._1989_227,cooper et al._1989,BS2WAY,2,10,cooper et al._1989_13,cooper et al._1989_15,1.5,3.5
cooper et al._1989_228,cooper et al._1989,BS2WAY,2,10,cooper et al._1989_14,cooper et al._1989_19,1.5,3.5
cooper et al._1989_229,cooper et al._1989,BS2WAY,2,10,cooper et al._1989_16,cooper et al._1989_21,1.5,3.5
cooper et al._1989_230,cooper et al._1989,BS2WAY,2,10,cooper et al._1989_18,cooper et al._1989_22,1.5,3.5
cooper et al._1989_231,cooper et al._1989,BS2WAY,2,11,cooper et al._1989_12,cooper et al._1989_15,1.5,3.5
cooper et al._1989_232,cooper et al._1989,BS2WAY,2,11,cooper et al._1989_14,cooper et al._1989_17,1.5,3.5
cooper et al._1989_233,cooper et al._1989,BS2WAY,2,11,cooper et al._1989_16,cooper et al._1989_19,1.5,3.5
cooper et al._1989_234,cooper et al._1989,BS2WAY,2,11,cooper et al._1989_18,cooper et al._1989_21,1.5,3.5
cooper et al._1989_235,cooper et al._1989,BS2WAY,2,11,cooper et al._1989_20,cooper et al._1989_22,1.5,3.5
cooper et al._1989_236,cooper et al._1989,BS2WAY,2,2,cooper et al._1989_13,cooper et al._1989_14,2.0,3.5
cooper et al._1989_237,cooper et al._1989,BS2WAY,2,2,cooper et al._1989_15,cooper et al._1989_16,1.5,3.5
cooper et al._1989_238,cooper et al._1989,BS2WAY,2,2,cooper et al._1989_17,cooper et al._1989_18,1.5,3.5
cooper et al._1989_239,cooper et al._1989,BS2WAY,2,2,cooper et al._1989_19,cooper et al._1989_20,2.0,3.5
cooper et al._1989_240,cooper et al._1989,BS2WAY,2,2,cooper et al._1989_21,cooper et al._1989_22,2.0,3.5
cooper et al._1989_241,cooper et al._1989,BS2WAY,2,3,cooper et al._1989_12,cooper et al._1989_14,1.5,3.5
cooper et al._1989_242,cooper et al._1989,BS2WAY,2,3,cooper et al._1989_13,cooper et al._1989_16,1.5,3.5
cooper et al._1989_243,cooper et al._1989,BS2WAY,2,3,cooper et al._1989_15,cooper et al._1989_18,1.5,3.5
cooper et al._1989_244,cooper et al._1989,BS2WAY,2,3,cooper et al._1989_17,cooper et al._1989_20,1.5,3.5
cooper et al._1989_245,cooper et al._1989,BS2WAY,2,3,cooper et al._1989_19,cooper et al._1989_22,1.5,4.0
cooper et al._1989_246,cooper et al._1989,BS2WAY,2,4,cooper et al._1989_12,cooper et al._1989_16,1.5,3.5
cooper et al._1989_247,cooper et al._1989,BS2WAY,2,4,cooper et al._1989_13,cooper et al._1989_18,2.0,3.5
cooper et al._1989_248,cooper et al._1989,BS2WAY,2,4,cooper et al._1989_15,cooper et al._1989_20,1.5,3.5
cooper et al._1989_249,cooper et al._1989,BS2WAY,2,4,cooper et al._1989_17,cooper et al._1989_22,1.5,3.5
cooper et al._1989_250,cooper et al._1989,BS2WAY,2,4,cooper et al._1989_19,cooper et al._1989_21,2.0,3.5
cooper et al._1989_251,cooper et al._1989,BS2WAY,2,5,cooper et al._1989_12,cooper et al._1989_18,1.5,3.5
cooper et al._1989_252,cooper et al._1989,BS2WAY,2,5,cooper et al._1989_13,cooper et al._1989_20,1.5,3.5
cooper et al._1989_253,cooper et al._1989,BS2WAY,2,5,cooper et al._1989_14,cooper et al._1989_16,1.5,3.5
cooper et al._1989_254,cooper et al._1989,BS2WAY,2,5,cooper et al._1989_15,cooper et al._1989_22,1.5,3.5
cooper et al._1989_255,cooper et al._1989,BS2WAY,2,5,cooper et al._1989_17,cooper et al._1989_21,1.5,3.5
cooper et al._1989_256,cooper et al._1989,BS2WAY,2,6,cooper et al._1989_12,cooper et al._1989_20,1.5,3.5
cooper et al._1989_257,cooper et al._1989,BS2WAY,2,6,cooper et al._1989_13,cooper et al._1989_22,1.5,3.5
cooper et al._1989_258,cooper et al._1989,BS2WAY,2,6,cooper et al._1989_14,cooper et al._1989_18,1.5,4.0
cooper et al._1989_259,cooper et al._1989,BS2WAY,2,6,cooper et al._1989_15,cooper et al._1989_21,1.5,3.5
cooper et al._1989_260,cooper et al._1989,BS2WAY,2,6,cooper et al._1989_17,cooper et al._1989_19,1.5,3.0
cooper et al._1989_261,cooper et al._1989,BS2WAY,2,7,cooper et al._1989_12,cooper et al._1989_22,1.5,3.5
cooper et al._1989_262,cooper et al._1989,BS2WAY,2,7,cooper et al._1989_13,cooper et al._1989_21,1.5,3.5
cooper et al._1989_263,cooper et al._1989,BS2WAY,2,7,cooper et al._1989_14,cooper et al._1989_20,1.5,3.5
cooper et al._1989_264,cooper et al._1989,BS2WAY,2,7,cooper et al._1989_15,cooper et al._1989_19,2.0,3.5
cooper et al._1989_265,cooper et al._1989,BS2WAY,2,7,cooper et al._1989_16,cooper et al._1989_18,1.5,3.5
cooper et al._1989_266,cooper et al._1989,BS2WAY,2,8,cooper et al._1989_12,cooper et al._1989_21,1.5,3.5
cooper et al._1989_267,cooper et al._1989,BS2WAY,2,8,cooper et al._1989_13,cooper et al._1989_19,1.5,3.0
cooper et al._1989_268,cooper et al._1989,BS2WAY,2,8,cooper et al._1989_14,cooper et al._1989_22,1.5,3.5
cooper et al._1989_269,cooper et al._1989,BS2WAY,2,8,cooper et al._1989_15,cooper et al._1989_17,1.5,3.5
cooper et al._1989_270,cooper et al._1989,BS2WAY,2,8,cooper et al._1989_16,cooper et al._1989_20,1.5,3.5
cooper et al._1989_271,cooper et al._1989,BS2WAY,2,9,cooper et al._1989_12,cooper et al._1989_19,1.5,3.5
cooper et al._1989_272,cooper et al._1989,BS2WAY,2,9,cooper et al._1989_13,cooper et al._1989_17,1.5,3.5
cooper et al._1989_273,cooper et al._1989,BS2WAY,2,9,cooper et al._1989_14,cooper et al._1989_21,1.5,3.5
cooper et al._1989_274,cooper et al._1989,BS2WAY,2,9,cooper et al._1989_16,cooper et al._1989_22,1.5,3.5
cooper et al._1989_275,cooper et al._1989,BS2WAY,2,9,cooper et al._1989_18,cooper et al._1989_20,1.5,3.5
cooper et al._1989_276,cooper et al._1989,BS2WAY,3,1,cooper et al._1989_12,cooper et al._1989_13,1.5,4.0
cooper et al._1989_277,cooper et al._1989,BS2WAY,3,1,cooper et al._1989_14,cooper et al._1989_15,1.5,3.5
cooper et al._1989_278,cooper et al._1989,BS2WAY,3,1,cooper et al._1989_16,cooper et al._1989_17,1.0,4.0
cooper et al._1989_279,cooper et al._1989,BS2WAY,3,1,cooper et al._1989_18,cooper et al._1989_19,1.0,3.5
cooper et al._1989_280,cooper et al._1989,BS2WAY,3,1,cooper et al._1989_20,cooper et al._1989_21,1.5,3.5
cooper et al._1989_281,cooper et al._1989,BS2WAY,3,10,cooper et al._1989_12,cooper et al._1989_17,1.5,3.5
cooper et al._1989_282,cooper et al._1989,BS2WAY,3,10,cooper et al._1989_13,cooper et al._1989_15,1.5,3.5
cooper et al._1989_283,cooper et al._1989,BS2WAY,3,10,cooper et al._1989_14,cooper et al._1989_19,1.5,3.5
cooper et al._1989_284,cooper et al._1989,BS2WAY,3,10,cooper et al._1989_16,cooper et al._1989_21,1.5,3.5
cooper et al._1989_285,cooper et al._1989,BS2WAY,3,10,cooper et al._1989_18,cooper et al._1989_22,1.5,3.5
cooper et al._1989_286,cooper et al._1989,BS2WAY,3,11,cooper et al._1989_12,cooper et al._1989_15,1.5,3.5
cooper et al._1989_287,cooper et al._1989,BS2WAY,3,11,cooper et al._1989_14,cooper et al._1989_17,1.5,3.5
cooper et al._1989_288,cooper et al._1989,BS2WAY,3,11,cooper et al._1989_16,cooper et al._1989_19,1.5,3.0
cooper et al._1989_289,cooper et al._1989,BS2WAY,3,11,cooper et al._1989_18,cooper et al._1989_21,1.5,3.5
cooper et al._1989_290,cooper et al._1989,BS2WAY,3,11,cooper et al._1989_20,cooper et al._1989_22,1.5,3.5
cooper et al._1989_291,cooper et al._1989,BS2WAY,3,2,cooper et al._1989_13,cooper et al._1989_14,1.5,3.5
cooper et al._1989_292,cooper et al._1989,BS2WAY,3,2,cooper et al._1989_15,cooper et al._1989_16,1.5,3.0
cooper et al._1989_293,cooper et al._1989,BS2WAY,3,2,cooper et al._1989_17,cooper et al._1989_18,1.5,3.5
cooper et al._1989_294,cooper et al._1989,BS2WAY,3,2,cooper et al._1989_19,cooper et al._1989_20,1.5,4.0
cooper et al._1989_295,cooper et al._1989,BS2WAY,3,2,cooper et al._1989_21,cooper et al._1989_22,1.5,3.5
cooper et al._1989_296,cooper et al._1989,BS2WAY,3,3,cooper et al._1989_12,cooper et al._1989_14,1.5,3.5
cooper et al._1989_297,cooper et al._1989,BS2WAY,3,3,cooper et al._1989_13,cooper et al._1989_16,1.5,3.5
cooper et al._1989_298,cooper et al._1989,BS2WAY,3,3,cooper et al._1989_15,cooper et al._1989_18,1.0,3.5
cooper et al._1989_299,cooper et al._1989,BS2WAY,3,3,cooper et al._1989_17,cooper et al._1989_20,1.5,3.5
cooper et al._1989_300,cooper et al._1989,BS2WAY,3,3,cooper et al._1989_19,cooper et al._1989_22,1.5,3.5
cooper et al._1989_301,cooper et al._1989,BS2WAY,3,4,cooper et al._1989_12,cooper et al._1989_16,1.5,3.5
cooper et al._1989_302,cooper et al._1989,BS2WAY,3,4,cooper et al._1989_13,cooper et al._1989_18,1.5,3.5
cooper et al._1989_303,cooper et al._1989,BS2WAY,3,4,cooper et al._1989_15,cooper et al._1989_20,1.5,3.5
cooper et al._1989_304,cooper et al._1989,BS2WAY,3,4,cooper et al._1989_17,cooper et al._1989_22,2.0,3.5
cooper et al._1989_305,cooper et al._1989,BS2WAY,3,4,cooper et al._1989_19,cooper et al._1989_21,1.5,3.5
cooper et al._1989_306,cooper et al._1989,BS2WAY,3,5,cooper et al._1989_12,cooper et al._1989_18,1.5,3.5
cooper et al._1989_307,cooper et al._1989,BS2WAY,3,5,cooper et al._1989_13,cooper et al._1989_20,1.5,3.5
cooper et al._1989_308,cooper et al._1989,BS2WAY,3,5,cooper et al._1989_14,cooper et al._1989_16,1.5,3.5
cooper et al._1989_309,cooper et al._1989,BS2WAY,3,5,cooper et al._1989_15,cooper et al._1989_22,1.5,3.5
cooper et al._1989_310,cooper et al._1989,BS2WAY,3,5,cooper et al._1989_17,cooper et al._1989_21,1.5,3.5
cooper et al._1989_311,cooper et al._1989,BS2WAY,3,6,cooper et al._1989_12,cooper et al._1989_20,1.5,3.5
cooper et al._1989_312,cooper et al._1989,BS2WAY,3,6,cooper et al._1989_13,cooper et al._1989_22,1.5,3.5
cooper et al._1989_313,cooper et al._1989,BS2WAY,3,6,cooper et al._1989_14,cooper et al._1989_18,1.5,3.5
cooper et al._1989_314,cooper et al._1989,BS2WAY,3,6,cooper et al._1989_15,cooper et al._1989_21,1.5,4.0
cooper et al._1989_315,cooper et al._1989,BS2WAY,3,6,cooper et al._1989_17,cooper et al._1989_19,1.5,3.5
cooper et al._1989_316,cooper et al._1989,BS2WAY,3,7,cooper et al._1989_12,cooper et al._1989_22,1.5,3.5
cooper et al._1989_317,cooper et al._1989,BS2WAY,3,7,cooper et al._1989_13,cooper et al._1989_21,1.5,3.5
cooper et al._1989_318,cooper et al._1989,BS2WAY,3,7,cooper et al._1989_14,cooper et al._1989_20,1.5,3.5
cooper et al._1989_319,cooper et al._1989,BS2WAY,3,7,cooper et al._1989_15,cooper et al._1989_19,2.0,3.5
cooper et al._1989_320,cooper et al._1989,BS2WAY,3,7,cooper et al._1989_16,cooper et al._1989_18,1.5,4.0
cooper et al._1989_321,cooper et al._1989,BS2WAY,3,8,cooper et al._1989_12,cooper et al._1989_21,1.5,3.5
cooper et al._1989_322,cooper et al._1989,BS2WAY,3,8,cooper et al._1989_13,cooper et al._1989_19,1.5,3.5
cooper et al._1989_323,cooper et al._1989,BS2WAY,3,8,cooper et al._1989_14,cooper et al._1989_22,1.5,3.5
cooper et al._1989_324,cooper et al._1989,BS2WAY,3,8,cooper et al._1989_15,cooper et al._1989_17,1.5,3.5
cooper et al._1989_325,cooper et al._1989,BS2WAY,3,8,cooper et al._1989_16,cooper et al._1989_20,1.5,3.5
cooper et al._1989_326,cooper et al._1989,BS2WAY,3,9,cooper et al._1989_12,cooper et al._1989_19,1.5,3.5
cooper et al._1989_327,cooper et al._1989,BS2WAY,3,9,cooper et al._1989_13,cooper et al._1989_17,1.5,3.5
cooper et al._1989_328,cooper et al._1989,BS2WAY,3,9,cooper et al._1989_14,cooper et al._1989_21,1.5,3.5
cooper et al._1989_329,cooper et al._1989,BS2WAY,3,9,cooper et al._1989_16,cooper et al._1989_22,1.5,4.0
cooper et al._1989_330,cooper et al._1989,BS2WAY,3,9,cooper et al._1989_18,cooper et al._1989_20,1.5,4.0
cooper et al._1989_331,cooper et al._1989,BS2WY3,1,1,cooper et al._1989_1,cooper et al._1989_2,1.5,3.5
cooper et al._1989_332,cooper et al._1989,BS2WY3,1,1,cooper et al._1989_3,cooper et al._1989_4,1.5,3.5
cooper et al._1989_333,cooper et al._1989,BS2WY3,1,1,cooper et al._1989_5,cooper et al._1989_6,1.5,3.5
cooper et al._1989_334,cooper et al._1989,BS2WY3,1,1,cooper et al._1989_7,cooper et al._1989_8,1.5,3.0
cooper et al._1989_335,cooper et al._1989,BS2WY3,1,1,cooper et al._1989_9,cooper et al._1989_10,1.0,3.5
cooper et al._1989_336,cooper et al._1989,BS2WY3,1,10,cooper et al._1989_1,cooper et al._1989_8,1.5,3.5
cooper et al._1989_337,cooper et al._1989,BS2WY3,1,10,cooper et al._1989_2,cooper et al._1989_4,1.5,3.5
cooper et al._1989_338,cooper et al._1989,BS2WY3,1,10,cooper et al._1989_3,cooper et al._1989_10,1.5,3.5
cooper et al._1989_339,cooper et al._1989,BS2WY3,1,10,cooper et al._1989_6,cooper et al._1989_7,1.5,3.5
cooper et al._1989_340,cooper et al._1989,BS2WY3,1,10,cooper et al._1989_9,cooper et al._1989_11,1.5,3.5
cooper et al._1989_341,cooper et al._1989,BS2WY3,1,11,cooper et al._1989_1,cooper et al._1989_4,1.5,3.5
cooper et al._1989_342,cooper et al._1989,BS2WY3,1,11,cooper et al._1989_3,cooper et al._1989_8,1.5,3.5
cooper et al._1989_343,cooper et al._1989,BS2WY3,1,11,cooper et al._1989_5,cooper et al._1989_11,1.5,3.5
cooper et al._1989_344,cooper et al._1989,BS2WY3,1,11,cooper et al._1989_6,cooper et al._1989_9,1.5,3.5
cooper et al._1989_345,cooper et al._1989,BS2WY3,1,11,cooper et al._1989_7,cooper et al._1989_10,1.5,3.5
cooper et al._1989_346,cooper et al._1989,BS2WY3,1,2,cooper et al._1989_2,cooper et al._1989_3,1.5,3.5
cooper et al._1989_347,cooper et al._1989,BS2WY3,1,2,cooper et al._1989_4,cooper et al._1989_7,1.5,3.0
cooper et al._1989_348,cooper et al._1989,BS2WY3,1,2,cooper et al._1989_5,cooper et al._1989_10,1.5,3.5
cooper et al._1989_349,cooper et al._1989,BS2WY3,1,2,cooper et al._1989_6,cooper et al._1989_11,1.5,3.5
cooper et al._1989_350,cooper et al._1989,BS2WY3,1,2,cooper et al._1989_8,cooper et al._1989_9,1.5,3.5
cooper et al._1989_351,cooper et al._1989,BS2WY3,1,3,cooper et al._1989_1,cooper et al._1989_3,1.5,3.5
cooper et al._1989_352,cooper et al._1989,BS2WY3,1,3,cooper et al._1989_10,cooper et al._1989_11,1.5,3.5
cooper et al._1989_353,cooper et al._1989,BS2WY3,1,3,cooper et al._1989_2,cooper et al._1989_7,1.0,3.5
cooper et al._1989_354,cooper et al._1989,BS2WY3,1,3,cooper et al._1989_4,cooper et al._1989_9,1.5,3.5
cooper et al._1989_355,cooper et al._1989,BS2WY3,1,3,cooper et al._1989_5,cooper et al._1989_8,2.0,3.5
cooper et al._1989_356,cooper et al._1989,BS2WY3,1,4,cooper et al._1989_1,cooper et al._1989_7,1.5,4.0
cooper et al._1989_357,cooper et al._1989,BS2WY3,1,4,cooper et al._1989_2,cooper et al._1989_9,1.5,3.5
cooper et al._1989_358,cooper et al._1989,BS2WY3,1,4,cooper et al._1989_4,cooper et al._1989_5,1.5,3.5
cooper et al._1989_359,cooper et al._1989,BS2WY3,1,4,cooper et al._1989_6,cooper et al._1989_10,1.5,3.5
cooper et al._1989_360,cooper et al._1989,BS2WY3,1,4,cooper et al._1989_8,cooper et al._1989_11,2.0,3.5
cooper et al._1989_361,cooper et al._1989,BS2WY3,1,5,cooper et al._1989_1,cooper et al._1989_9,1.5,3.5
cooper et al._1989_362,cooper et al._1989,BS2WY3,1,5,cooper et al._1989_2,cooper et al._1989_5,1.5,3.5
cooper et al._1989_363,cooper et al._1989,BS2WY3,1,5,cooper et al._1989_3,cooper et al._1989_7,1.0,3.5
cooper et al._1989_364,cooper et al._1989,BS2WY3,1,5,cooper et al._1989_4,cooper et al._1989_11,1.5,3.5
cooper et al._1989_365,cooper et al._1989,BS2WY3,1,5,cooper et al._1989_6,cooper et al._1989_8,1.5,3.5
cooper et al._1989_366,cooper et al._1989,BS2WY3,1,6,cooper et al._1989_1,cooper et al._1989_5,1.5,3.5
cooper et al._1989_367,cooper et al._1989,BS2WY3,1,6,cooper et al._1989_2,cooper et al._1989_11,1.5,3.5
cooper et al._1989_368,cooper et al._1989,BS2WY3,1,6,cooper et al._1989_3,cooper et al._1989_9,1.5,3.5
cooper et al._1989_369,cooper et al._1989,BS2WY3,1,6,cooper et al._1989_4,cooper et al._1989_6,1.5,3.5
cooper et al._1989_370,cooper et al._1989,BS2WY3,1,6,cooper et al._1989_8,cooper et al._1989_10,1.5,3.5
cooper et al._1989_371,cooper et al._1989,BS2WY3,1,7,cooper et al._1989_1,cooper et al._1989_11,1.5,3.5
cooper et al._1989_372,cooper et al._1989,BS2WY3,1,7,cooper et al._1989_2,cooper et al._1989_6,1.5,3.5
cooper et al._1989_373,cooper et al._1989,BS2WY3,1,7,cooper et al._1989_3,cooper et al._1989_5,1.5,3.5
cooper et al._1989_374,cooper et al._1989,BS2WY3,1,7,cooper et al._1989_4,cooper et al._1989_10,1.5,3.5
cooper et al._1989_375,cooper et al._1989,BS2WY3,1,7,cooper et al._1989_7,cooper et al._1989_9,1.5,3.5
cooper et al._1989_376,cooper et al._1989,BS2WY3,1,8,cooper et al._1989_1,cooper et al._1989_6,1.5,3.5
cooper et al._1989_377,cooper et al._1989,BS2WY3,1,8,cooper et al._1989_2,cooper et al._1989_10,1.5,3.5
cooper et al._1989_378,cooper et al._1989,BS2WY3,1,8,cooper et al._1989_3,cooper et al._1989_11,1.5,3.5
cooper et al._1989_379,cooper et al._1989,BS2WY3,1,8,cooper et al._1989_4,cooper et al._1989_8,1.5,3.5
cooper et al._1989_380,cooper et al._1989,BS2WY3,1,8,cooper et al._1989_5,cooper et al._1989_7,1.5,3.5
cooper et al._1989_381,cooper et al._1989,BS2WY3,1,9,cooper et al._1989_1,cooper et al._1989_10,1.5,3.5
cooper et al._1989_382,cooper et al._1989,BS2WY3,1,9,cooper et al._1989_2,cooper et al._1989_8,1.5,3.5
cooper et al._1989_383,cooper et al._1989,BS2WY3,1,9,cooper et al._1989_3,cooper et al._1989_6,1.5,3.5
cooper et al._1989_384,cooper et al._1989,BS2WY3,1,9,cooper et al._1989_5,cooper et al._1989_9,1.5,3.5
cooper et al._1989_385,cooper et al._1989,BS2WY3,1,9,cooper et al._1989_7,cooper et al._1989_11,1.5,3.5
cooper et al._1989_386,cooper et al._1989,BS2WY3,2,1,cooper et al._1989_1,cooper et al._1989_4,1.0,3.5
cooper et al._1989_387,cooper et al._1989,BS2WY3,2,1,cooper et al._1989_2,cooper et al._1989_7,1.5,3.5
cooper et al._1989_388,cooper et al._1989,BS2WY3,2,1,cooper et al._1989_3,cooper et al._1989_9,1.5,3.5
cooper et al._1989_389,cooper et al._1989,BS2WY3,2,1,cooper et al._1989_5,cooper et al._1989_10,1.0,3.5
cooper et al._1989_390,cooper et al._1989,BS2WY3,2,1,cooper et al._1989_8,cooper et al._1989_11,1.5,3.5
cooper et al._1989_391,cooper et al._1989,BS2WY3,2,10,cooper et al._1989_1,cooper et al._1989_2,1.5,3.5
cooper et al._1989_392,cooper et al._1989,BS2WY3,2,10,cooper et al._1989_3,cooper et al._1989_4,1.5,3.5
cooper et al._1989_393,cooper et al._1989,BS2WY3,2,10,cooper et al._1989_5,cooper et al._1989_11,1.5,3.5
cooper et al._1989_394,cooper et al._1989,BS2WY3,2,10,cooper et al._1989_6,cooper et al._1989_7,1.5,3.5
cooper et al._1989_395,cooper et al._1989,BS2WY3,2,10,cooper et al._1989_9,cooper et al._1989_10,1.5,3.5
cooper et al._1989_396,cooper et al._1989,BS2WY3,2,11,cooper et al._1989_1,cooper et al._1989_10,2.0,3.5
cooper et al._1989_397,cooper et al._1989,BS2WY3,2,11,cooper et al._1989_2,cooper et al._1989_5,2.0,3.5
cooper et al._1989_398,cooper et al._1989,BS2WY3,2,11,cooper et al._1989_4,cooper et al._1989_9,1.5,3.5
cooper et al._1989_399,cooper et al._1989,BS2WY3,2,11,cooper et al._1989_6,cooper et al._1989_8,1.5,3.5
cooper et al._1989_400,cooper et al._1989,BS2WY3,2,11,cooper et al._1989_7,cooper et al._1989_11,1.5,3.5
cooper et al._1989_401,cooper et al._1989,BS2WY3,2,2,cooper et al._1989_1,cooper et al._1989_3,1.5,3.5
cooper et al._1989_402,cooper et al._1989,BS2WY3,2,2,cooper et al._1989_2,cooper et al._1989_8,2.0,3.5
cooper et al._1989_403,cooper et al._1989,BS2WY3,2,2,cooper et al._1989_4,cooper et al._1989_5,1.5,4.0
cooper et al._1989_404,cooper et al._1989,BS2WY3,2,2,cooper et al._1989_6,cooper et al._1989_11,1.5,3.5
cooper et al._1989_405,cooper et al._1989,BS2WY3,2,2,cooper et al._1989_7,cooper et al._1989_10,1.5,3.5
cooper et al._1989_406,cooper et al._1989,BS2WY3,2,3,cooper et al._1989_1,cooper et al._1989_9,1.5,3.5
cooper et al._1989_407,cooper et al._1989,BS2WY3,2,3,cooper et al._1989_2,cooper et al._1989_6,2.0,3.5
cooper et al._1989_408,cooper et al._1989,BS2WY3,2,3,cooper et al._1989_3,cooper et al._1989_5,1.5,3.5
cooper et al._1989_409,cooper et al._1989,BS2WY3,2,3,cooper et al._1989_4,cooper et al._1989_7,1.5,3.5
cooper et al._1989_410,cooper et al._1989,BS2WY3,2,3,cooper et al._1989_8,cooper et al._1989_10,1.5,4.0
cooper et al._1989_411,cooper et al._1989,BS2WY3,2,4,cooper et al._1989_2,cooper et al._1989_11,1.5,3.5
cooper et al._1989_412,cooper et al._1989,BS2WY3,2,4,cooper et al._1989_3,cooper et al._1989_7,1.5,3.5
cooper et al._1989_413,cooper et al._1989,BS2WY3,2,4,cooper et al._1989_4,cooper et al._1989_8,1.5,3.5
cooper et al._1989_414,cooper et al._1989,BS2WY3,2,4,cooper et al._1989_5,cooper et al._1989_9,1.5,3.5
cooper et al._1989_415,cooper et al._1989,BS2WY3,2,4,cooper et al._1989_6,cooper et al._1989_10,1.5,3.5
cooper et al._1989_416,cooper et al._1989,BS2WY3,2,5,cooper et al._1989_1,cooper et al._1989_5,1.5,3.5
cooper et al._1989_417,cooper et al._1989,BS2WY3,2,5,cooper et al._1989_10,cooper et al._1989_11,1.5,3.0
cooper et al._1989_418,cooper et al._1989,BS2WY3,2,5,cooper et al._1989_3,cooper et al._1989_8,1.5,3.5
cooper et al._1989_419,cooper et al._1989,BS2WY3,2,5,cooper et al._1989_4,cooper et al._1989_6,2.0,3.5
cooper et al._1989_420,cooper et al._1989,BS2WY3,2,5,cooper et al._1989_7,cooper et al._1989_9,1.5,3.5
cooper et al._1989_421,cooper et al._1989,BS2WY3,2,6,cooper et al._1989_1,cooper et al._1989_7,1.5,3.5
cooper et al._1989_422,cooper et al._1989,BS2WY3,2,6,cooper et al._1989_2,cooper et al._1989_10,1.5,3.5
cooper et al._1989_423,cooper et al._1989,BS2WY3,2,6,cooper et al._1989_3,cooper et al._1989_6,1.5,3.5
cooper et al._1989_424,cooper et al._1989,BS2WY3,2,6,cooper et al._1989_4,cooper et al._1989_11,1.5,3.5
cooper et al._1989_425,cooper et al._1989,BS2WY3,2,6,cooper et al._1989_8,cooper et al._1989_9,2.0,3.5
cooper et al._1989_426,cooper et al._1989,BS2WY3,2,7,cooper et al._1989_1,cooper et al._1989_8,1.5,3.5
cooper et al._1989_427,cooper et al._1989,BS2WY3,2,7,cooper et al._1989_2,cooper et al._1989_4,1.5,3.5
cooper et al._1989_428,cooper et al._1989,BS2WY3,2,7,cooper et al._1989_3,cooper et al._1989_11,1.5,3.5
cooper et al._1989_429,cooper et al._1989,BS2WY3,2,7,cooper et al._1989_5,cooper et al._1989_7,1.5,3.5
cooper et al._1989_430,cooper et al._1989,BS2WY3,2,7,cooper et al._1989_6,cooper et al._1989_9,2.0,3.5
cooper et al._1989_431,cooper et al._1989,BS2WY3,2,8,cooper et al._1989_1,cooper et al._1989_6,1.5,3.5
cooper et al._1989_432,cooper et al._1989,BS2WY3,2,8,cooper et al._1989_2,cooper et al._1989_3,1.5,4.0
cooper et al._1989_433,cooper et al._1989,BS2WY3,2,8,cooper et al._1989_4,cooper et al._1989_10,1.5,3.5
cooper et al._1989_434,cooper et al._1989,BS2WY3,2,8,cooper et al._1989_5,cooper et al._1989_8,1.5,3.5
cooper et al._1989_435,cooper et al._1989,BS2WY3,2,8,cooper et al._1989_9,cooper et al._1989_11,1.5,3.5
cooper et al._1989_436,cooper et al._1989,BS2WY3,2,9,cooper et al._1989_1,cooper et al._1989_11,1.5,3.5
cooper et al._1989_437,cooper et al._1989,BS2WY3,2,9,cooper et al._1989_2,cooper et al._1989_9,1.5,3.5
cooper et al._1989_438,cooper et al._1989,BS2WY3,2,9,cooper et al._1989_3,cooper et al._1989_10,1.0,3.5
cooper et al._1989_439,cooper et al._1989,BS2WY3,2,9,cooper et al._1989_5,cooper et al._1989_6,1.5,3.5
cooper et al._1989_440,cooper et al._1989,BS2WY3,2,9,cooper et al._1989_7,cooper et al._1989_8,1.5,3.5
cooper et al._1989_441,cooper et al._1989,BS2WY3,3,1,cooper et al._1989_2,cooper et al._1989_5,2.0,3.5
cooper et al._1989_442,cooper et al._1989,BS2WY3,3,1,cooper et al._1989_3,cooper et al._1989_6,1.5,3.5
cooper et al._1989_443,cooper et al._1989,BS2WY3,3,1,cooper et al._1989_4,cooper et al._1989_10,1.5,3.5
cooper et al._1989_444,cooper et al._1989,BS2WY3,3,1,cooper et al._1989_7,cooper et al._1989_8,1.5,3.5
cooper et al._1989_445,cooper et al._1989,BS2WY3,3,1,cooper et al._1989_9,cooper et al._1989_11,1.5,3.5
cooper et al._1989_446,cooper et al._1989,BS2WY3,3,10,cooper et al._1989_1,cooper et al._1989_10,1.5,3.5
cooper et al._1989_447,cooper et al._1989,BS2WY3,3,10,cooper et al._1989_2,cooper et al._1989_4,1.5,3.5
cooper et al._1989_448,cooper et al._1989,BS2WY3,3,10,cooper et al._1989_3,cooper et al._1989_8,1.5,3.5
cooper et al._1989_449,cooper et al._1989,BS2WY3,3,10,cooper et al._1989_5,cooper et al._1989_7,1.5,3.5
cooper et al._1989_450,cooper et al._1989,BS2WY3,3,10,cooper et al._1989_6,cooper et al._1989_11,1.5,3.5
cooper et al._1989_451,cooper et al._1989,BS2WY3,3,11,cooper et al._1989_1,cooper et al._1989_9,1.5,3.5
cooper et al._1989_452,cooper et al._1989,BS2WY3,3,11,cooper et al._1989_10,cooper et al._1989_11,1.5,3.5
cooper et al._1989_453,cooper et al._1989,BS2WY3,3,11,cooper et al._1989_2,cooper et al._1989_3,1.5,3.5
cooper et al._1989_454,cooper et al._1989,BS2WY3,3,11,cooper et al._1989_4,cooper et al._1989_6,1.5,3.5
cooper et al._1989_455,cooper et al._1989,BS2WY3,3,11,cooper et al._1989_5,cooper et al._1989_8,1.5,3.5
cooper et al._1989_456,cooper et al._1989,BS2WY3,3,2,cooper et al._1989_1,cooper et al._1989_11,1.5,3.5
cooper et al._1989_457,cooper et al._1989,BS2WY3,3,2,cooper et al._1989_2,cooper et al._1989_7,2.0,3.5
cooper et al._1989_458,cooper et al._1989,BS2WY3,3,2,cooper et al._1989_3,cooper et al._1989_10,1.5,4.0
cooper et al._1989_459,cooper et al._1989,BS2WY3,3,2,cooper et al._1989_4,cooper et al._1989_9,1.5,3.5
cooper et al._1989_460,cooper et al._1989,BS2WY3,3,2,cooper et al._1989_5,cooper et al._1989_6,1.5,3.5
cooper et al._1989_461,cooper et al._1989,BS2WY3,3,3,cooper et al._1989_1,cooper et al._1989_4,1.5,4.0
cooper et al._1989_462,cooper et al._1989,BS2WY3,3,3,cooper et al._1989_2,cooper et al._1989_8,1.5,3.5
cooper et al._1989_463,cooper et al._1989,BS2WY3,3,3,cooper et al._1989_3,cooper et al._1989_9,1.5,3.5
cooper et al._1989_464,cooper et al._1989,BS2WY3,3,3,cooper et al._1989_5,cooper et al._1989_10,1.0,3.5
cooper et al._1989_465,cooper et al._1989,BS2WY3,3,3,cooper et al._1989_6,cooper et al._1989_7,1.5,3.5
cooper et al._1989_466,cooper et al._1989,BS2WY3,3,4,cooper et al._1989_1,cooper et al._1989_3,1.5,3.5
cooper et al._1989_467,cooper et al._1989,BS2WY3,3,4,cooper et al._1989_4,cooper et al._1989_11,1.5,3.5
cooper et al._1989_468,cooper et al._1989,BS2WY3,3,4,cooper et al._1989_5,cooper et al._1989_9,1.5,3.5
cooper et al._1989_469,cooper et al._1989,BS2WY3,3,4,cooper et al._1989_6,cooper et al._1989_8,1.5,3.5
cooper et al._1989_470,cooper et al._1989,BS2WY3,3,4,cooper et al._1989_7,cooper et al._1989_10,1.5,3.0
cooper et al._1989_471,cooper et al._1989,BS2WY3,3,5,cooper et al._1989_1,cooper et al._1989_5,1.5,4.0
cooper et al._1989_472,cooper et al._1989,BS2WY3,3,5,cooper et al._1989_2,cooper et al._1989_6,1.5,3.5
cooper et al._1989_473,cooper et al._1989,BS2WY3,3,5,cooper et al._1989_3,cooper et al._1989_11,1.5,3.5
cooper et al._1989_474,cooper et al._1989,BS2WY3,3,5,cooper et al._1989_7,cooper et al._1989_9,1.5,3.5
cooper et al._1989_475,cooper et al._1989,BS2WY3,3,5,cooper et al._1989_8,cooper et al._1989_10,2.0,3.5
cooper et al._1989_476,cooper et al._1989,BS2WY3,3,6,cooper et al._1989_1,cooper et al._1989_7,1.5,3.5
cooper et al._1989_477,cooper et al._1989,BS2WY3,3,6,cooper et al._1989_2,cooper et al._1989_10,2.0,3.5
cooper et al._1989_478,cooper et al._1989,BS2WY3,3,6,cooper et al._1989_3,cooper et al._1989_4,1.5,3.5
cooper et al._1989_479,cooper et al._1989,BS2WY3,3,6,cooper et al._1989_5,cooper et al._1989_11,1.5,3.5
cooper et al._1989_480,cooper et al._1989,BS2WY3,3,6,cooper et al._1989_8,cooper et al._1989_9,1.5,3.5
cooper et al._1989_481,cooper et al._1989,BS2WY3,3,7,cooper et al._1989_1,cooper et al._1989_8,1.5,3.5
cooper et al._1989_482,cooper et al._1989,BS2WY3,3,7,cooper et al._1989_2,cooper et al._1989_9,1.5,3.5
cooper et al._1989_483,cooper et al._1989,BS2WY3,3,7,cooper et al._1989_4,cooper et al._1989_5,1.5,3.5
cooper et al._1989_484,cooper et al._1989,BS2WY3,3,7,cooper et al._1989_6,cooper et al._1989_10,1.5,3.5
cooper et al._1989_485,cooper et al._1989,BS2WY3,3,7,cooper et al._1989_7,cooper et al._1989_11,1.5,3.5
cooper et al._1989_486,cooper et al._1989,BS2WY3,3,8,cooper et al._1989_1,cooper et al._1989_2,1.5,3.5
cooper et al._1989_487,cooper et al._1989,BS2WY3,3,8,cooper et al._1989_3,cooper et al._1989_5,1.5,3.5
cooper et al._1989_488,cooper et al._1989,BS2WY3,3,8,cooper et al._1989_4,cooper et al._1989_7,1.5,3.5
cooper et al._1989_489,cooper et al._1989,BS2WY3,3,8,cooper et al._1989_6,cooper et al._1989_9,1.5,3.5
cooper et al._1989_490,cooper et al._1989,BS2WY3,3,8,cooper et al._1989_8,cooper et al._1989_11,1.5,3.5
cooper et al._1989_491,cooper et al._1989,BS2WY3,3,9,cooper et al._1989_1,cooper et al._1989_6,1.5,3.5
cooper et al._1989_492,cooper et al._1989,BS2WY3,3,9,cooper et al._1989_2,cooper et al._1989_11,1.5,3.0
cooper et al._1989_493,cooper et al._1989,BS2WY3,3,9,cooper et al._1989_3,cooper et al._1989_7,1.5,3.5
cooper et al._1989_494,cooper et al._1989,BS2WY3,3,9,cooper et al._1989_4,cooper et al._1989_8,1.5,3.5
cooper et al._1989_495,cooper et al._1989,BS2WY3,3,9,cooper et al._1989_9,cooper et al._1989_10,1.5,3.5
